,Gene,PageRank
126,ZNF284,0.0012837923739694116
282,ZNF442,0.0011909507413838142
199,ZBED3,0.0011614247689866665
18,HOXB5,0.0011533036647452752
251,ZNF414,0.0011502278534697597
385,MZF1,0.001138128807247066
137,MLXIP,0.001135214665530504
463,CREM,0.0011318175857906768
617,HOXB9,0.0011267376524603473
268,ZNF410,0.0011241931386063427
652,PRDM12,0.001123747180286562
519,ZNF415,0.0011229406507855622
512,GLI1,0.0011206883999089312
728,KHSRP,0.0011131652395497621
231,CBFB,0.0011097774615197395
14,E2F6,0.0011084291731161598
780,SREBF2,0.0011059464292648192
373,ZNF7,0.0011057025424009025
63,RCOR2,0.001104647983518792
721,ARID3B,0.0011040090092204555
429,ZNF446,0.0011018386479524813
696,ZNF362,0.0010982980295570315
688,DMBX1,0.0010971709492788389
555,ZNF837,0.001097109935373252
29,NRF1,0.00109431289010475
62,ZMIZ1,0.0010938501878245352
863,ZNF155,0.001093348817521591
414,HOXC4,0.001091494559800251
248,CC2D1A,0.0010845810621563725
1096,ZNF648,0.00108438961789112
711,ZNF570,0.0010833421129315382
64,ETV1,0.0010832292788139212
791,ARID4A,0.0010816660787388848
221,TCF25,0.00108165040240576
908,FOXG1,0.0010807155686394449
821,ZBTB45,0.0010804572397185032
106,ZNF232,0.0010788524552791665
115,ZNF354A,0.0010756709902944328
500,PIAS2,0.001070319183526643
68,MTA3,0.0010675211665466386
819,ZNF688,0.0010654833799125585
291,ZNF318,0.001064938733323401
322,RELB,0.0010642196361568502
53,ZNF136,0.0010629480982261524
620,SON,0.0010620978839440255
316,TFB1M,0.001061883197919901
816,ZNF343,0.0010616660950016749
1073,ZNF200,0.0010591453937846126
234,ZNF605,0.0010576491920628553
143,ZNF850,0.001057369843364746
371,ZFX,0.0010569467909443075
893,GRHL3,0.001055302143409592
742,ZBTB16,0.001052319800962118
850,ZNF384,0.0010517155243560492
440,TBX19,0.0010488955425753375
1001,RBAK,0.0010460728245996896
521,SOX4,0.0010459669563639758
284,STAT2,0.0010443363648782306
1122,ZNF419,0.0010437491365324686
1121,NR2C1,0.0010431215577539072
991,ZNF85,0.0010425743744066648
40,ZNF641,0.0010421511081838818
528,SMAD6,0.0010414619821437951
795,ZNF107,0.0010412890502788845
377,HSF4,0.0010411379676785349
131,TFCP2L1,0.001039361517801125
34,ZNF621,0.0010386448543944651
501,FOXP4,0.001036863888123708
964,ZNF761,0.0010360490548950467
578,RREB1,0.0010345331272246404
630,BNC2,0.0010339602498612196
28,ZSCAN32,0.0010325424457862586
778,ARID5B,0.0010320986265442375
784,NFE2L3,0.0010314947162317714
6,ZNF436,0.0010309107906502106
942,MESP2,0.001029956360934871
112,HES6,0.0010292007833070087
21,CARF,0.001029026389505345
598,ZNF205,0.0010287368965540237
449,ZNF644,0.0010283947913892785
913,FOXD4L1,0.001026153930785088
599,ZNF488,0.0010256866693194636
78,ZNF543,0.001025632084342775
563,NFYC,0.0010253724108702494
606,ZNF841,0.001024923319998054
1004,EHF,0.0010248284477106678
919,NFATC1,0.0010238811258132066
41,E2F7,0.0010237774038129148
258,ZNF212,0.0010234268490974475
641,HIVEP2,0.0010225512217025248
339,RARA,0.0010221455801164429
663,ZNF397,0.0010216500241191965
178,HIC1,0.0010198812222784986
729,ZBTB21,0.0010187668769531006
109,GCFC2,0.00101870261914706
267,HOXA3,0.0010184954652076427
513,ZNF444,0.0010182107200505139
129,ZSCAN2,0.0010177284389527716
904,ARID1A,0.0010161496353118806
12,ZNF225,0.0010151852364916629
435,ETS1,0.001013855028004306
1022,ZFP82,0.0010123212988079051
765,VAX1,0.0010117989480749794
343,ZBTB39,0.0010113522624600588
355,ZNF81,0.001011048791154454
395,PATZ1,0.0010109767845293352
345,ZNF710,0.0010108555957306995
82,HLF,0.0010107243097030889
298,ZNF302,0.0010092219417097653
758,FOXD4,0.001008920825015323
375,TEF,0.0010089125345992512
740,ZNF483,0.0010084053922340005
464,ZNF3,0.001007587894069105
240,ZNF654,0.0010069247114213279
1024,ZNF74,0.0010066589304731038
1067,LRRFIP1,0.0010052407907494402
876,CCDC88A,0.0010016910872216512
51,ZIC5,0.001000839097573964
150,ZNF391,0.0010005286395503553
860,FOXO4,0.001000513193541264
103,CNBP,0.0010000941480098084
572,KMT2C,0.0009998348380706229
22,ZNF16,0.0009997023114446588
951,SOX8,0.0009996374370037052
589,LHX2,0.0009988407987942375
812,ZNF658,0.0009980421737605754
960,ZNF358,0.0009969279809327052
73,ZNF92,0.0009966970958566316
622,RFX1,0.0009961649068387236
448,TOX4,0.000995902712957351
35,ZNF222,0.000995868871922949
80,E2F8,0.0009954483853236954
679,GLIS2,0.0009945562646040409
894,ZNF234,0.000994359117290336
649,ATMIN,0.0009941780276844627
155,IRF2,0.0009938153601045982
249,ZNF558,0.0009931255188989356
325,ZNF559,0.000992823990549363
557,CSDE1,0.0009928125215838647
650,ZNF678,0.0009925429020573352
257,CREB5,0.000991603490017491
636,ZNF438,0.0009907007877473387
678,ZNF548,0.0009901598355989715
184,ZBTB11,0.0009882905046451427
370,ZBED5,0.000986973082062677
1134,ZNF577,0.000986669265866186
838,SNAPC4,0.0009855964668220411
281,ARNT2,0.0009845906128840458
306,E2F2,0.0009842802225719265
363,ATF6,0.0009842208169825925
1117,GATAD1,0.0009833754257901571
194,ZNF525,0.0009815944544852835
286,BARX1,0.0009813106189685322
734,ZNF471,0.000981020138488907
535,ZNF771,0.0009808605250844005
91,ELMSAN1,0.0009801835540556123
1111,ZNF37A,0.0009799362975720961
1054,SMARCA1,0.0009798812504675104
585,PRDM8,0.0009790838314659531
1125,SP1,0.0009789153730746572
531,ZNF23,0.0009788267678459872
852,FOXK1,0.0009785300141282836
624,ESRRA,0.0009783443470054146
748,ZNF280D,0.000977195630813293
898,NCOA1,0.0009769763156621306
403,MAZ,0.0009755414980711041
705,ELF5,0.0009753305004457387
834,IKZF3,0.0009753120467605638
491,ZNF518A,0.0009751847648243866
584,DNAJC1,0.0009751067862750491
133,ZNF609,0.0009748593959342501
1171,JARID2,0.0009746601389207619
162,ZNF219,0.0009736101344715579
484,ZNF148,0.0009735135330879543
265,NPAS1,0.0009734036156371525
399,SNAI3,0.0009731844728579946
313,HOXB13,0.0009728054109016411
210,THAP9,0.0009724429580716673
682,ZGPAT,0.0009723665629669688
1014,GPBP1,0.0009721971322232974
198,MYBL2,0.0009720224255926387
366,ZNF221,0.0009712564262637452
451,ZBTB6,0.0009710136127327703
458,ZNF496,0.0009709441946431011
297,ZFP1,0.0009695160974836483
170,TCFL5,0.0009692011019789127
391,ATOH7,0.0009674932937146559
837,ZNF546,0.0009668222277900941
456,MNT,0.0009662850841984302
670,THAP5,0.0009653619837359842
1,ZNF730,0.0009650293464421165
872,ZNF430,0.0009649111008490131
1078,HMGXB3,0.0009648393424025888
269,PIAS4,0.000964790087666061
703,CEBPD,0.0009638489709130497
745,TCF7L2,0.0009636456928403928
957,ZNF135,0.0009635962441445587
54,ZNF280C,0.0009631157455021192
417,TEAD1,0.0009628913485906649
702,ZNF510,0.0009628365835126313
897,LCORL,0.0009626027516961208
127,ZNF43,0.0009624367815520417
674,STAT5B,0.0009621164340888837
85,MYCL,0.0009620842989090086
647,ZNF460,0.0009618513576690089
586,SP4,0.0009618364153709259
818,HOXA4,0.0009617855383817779
245,SLC2A4RG,0.0009613035061486479
1098,ZSCAN16,0.0009612221623804878
775,SRF,0.000960563354961401
910,CENPT,0.0009603407207517922
242,NFXL1,0.0009600754217516572
55,HMG20A,0.0009598862469650583
1062,ZNF544,0.0009592501013337501
49,REL,0.0009588826324959637
505,ZSCAN9,0.0009585503969806217
695,ZNF408,0.0009579802708136018
324,BCLAF1,0.0009573729680077717
493,ZBTB14,0.0009572036250085645
677,SPI1,0.0009563541534718214
376,ZMIZ2,0.0009560642564070677
86,ZNF547,0.0009554070624817276
444,ZNF131,0.0009551818241804602
372,TCF4,0.0009545825500031054
23,ZHX2,0.000954373744097301
318,ZNF396,0.0009540275840407556
945,ZNF398,0.0009532989514478453
264,THAP4,0.0009531861531984797
811,GABPB1,0.0009522384487522364
918,NR4A2,0.0009518472929249933
446,ZNF468,0.0009517517662107233
1153,ZNF233,0.0009511118466936082
19,YEATS4,0.0009498612263495263
716,KLF8,0.00094955290042729
609,ZNF10,0.0009494490686975345
847,ZNF789,0.0009491950279091545
1035,NFATC4,0.0009478874932604875
561,ARID2,0.0009475480690963651
244,ZNF214,0.0009472799544895
747,ZNF341,0.0009471676809801354
168,CREB3L2,0.0009467518403088333
450,PHB,0.000946271149633537
923,ZNF684,0.0009461291872301646
99,TCF12,0.0009460387492961626
608,ZNF267,0.0009454155125188121
667,IRX2,0.0009453017767441551
694,TTF1,0.0009449813027193884
789,USF1,0.0009447333134835922
473,HMGB1,0.0009446686898580884
600,NKX6-1,0.0009443946176395339
788,SETDB1,0.0009440056186330118
271,SNAI2,0.0009432228459242042
118,ZBED6,0.0009431390610084524
753,ATOH1,0.0009430248850228432
533,SNAI1,0.0009427907229930645
426,ZSCAN23,0.0009426558227935774
393,ZNF473,0.0009424958393509387
411,KLF9,0.0009423291304252558
1083,ZFAT,0.0009421891881808197
207,ZNF283,0.0009408921645136573
970,TSC22D4,0.0009402435330243433
302,SHOX2,0.0009399302072958078
193,ZNF266,0.0009399083969416092
773,ZNF462,0.0009394566561881867
327,RFX3,0.0009385700477900339
81,SPDEF,0.000936688116678756
314,HNF1B,0.0009364445277358736
89,LITAF,0.0009362819205899921
139,NR2C2,0.0009353042041470561
786,ZNF568,0.0009348972186010334
383,JDP2,0.0009347547835479922
128,ZKSCAN2,0.0009346776490335043
965,ZNF251,0.000934601837679388
30,ID2,0.0009341693040323746
715,ZNF799,0.0009337624224014404
751,PREB,0.0009336056106294258
7,PLAGL1,0.0009322598940930511
288,ZNF285,0.0009319656343897441
161,HOXA6,0.0009316411354923211
542,ZNF574,0.0009315304624369241
11,RORB,0.0009313643541813141
618,ARX,0.0009312491019974965
562,ZNF551,0.0009312233843785751
334,ZSCAN22,0.0009308767802164464
1066,HIC2,0.0009304026358931439
986,ZNF260,0.0009303400491827132
8,CREBRF,0.0009300960189566157
423,KLF7,0.000929912167072982
963,SMARCAL1,0.0009297264490068575
195,ZNF680,0.0009297183047277807
494,ZNF764,0.0009295637564236127
1005,TCF19,0.000928979325109162
410,ZNF140,0.0009285576513539217
0,MAFK,0.0009274167096907914
1082,ZNF329,0.0009272130486469191
243,ZNF576,0.0009271034093952515
1086,ZNF165,0.0009268345772311414
883,PURB,0.0009259228008337021
260,TCF3,0.00092545353400863
752,ZNF268,0.0009249287100032248
308,ZNF787,0.0009249127345123681
1030,MLXIPL,0.0009216911359055034
730,ZNF740,0.0009214828825507821
842,ZNF770,0.0009211996780762221
123,MXI1,0.0009209389402634615
831,ZNF786,0.0009206096505037534
214,POU5F1,0.0009206001625352212
31,ZNF84,0.0009201068983176332
1000,SIX3,0.0009195756674237032
805,DNAJC2,0.0009193194739153817
300,OVOL1,0.0009187224985264421
422,ZFP28,0.0009186695793301952
353,ZNF704,0.0009182798853752259
69,ZNF180,0.0009181909672969121
1129,ZFP14,0.0009181497783469243
138,ZNF829,0.0009169622777547716
517,RFX7,0.0009169166181129218
651,HOXB7,0.0009166733102577459
471,HEY1,0.0009162213964172419
1097,NFIB,0.0009160762628191978
1044,ARID1B,0.0009159549802317205
503,ZNF467,0.0009142546120782004
4,FOXP3,0.0009141650984645953
809,ZNF518B,0.0009134172786475195
47,ZNF28,0.0009132162383839126
396,CREB3L4,0.0009130363908189795
1070,ZNF239,0.0009127753495011727
486,FOXJ2,0.0009124242803158153
1144,SMAD3,0.0009118686195620242
223,ZNF566,0.0009118411664060129
756,NKX3-2,0.000911564663911496
405,GLI2,0.0009111570929295108
310,ZNF484,0.0009105206231083587
438,ZNF732,0.0009100558575457077
952,ZKSCAN8,0.0009095300846546574
597,ZNF407,0.0009094834292239453
660,ZNF791,0.0009093928187182877
97,RELA,0.0009087848914926547
218,ZNF708,0.0009085707293325669
191,TSHZ3,0.0009077503631812824
566,ZNF490,0.0009076769446519748
895,ZNF669,0.0009076403455035626
554,ZNF254,0.0009071750224005495
33,HINFP,0.000906579841397705
953,FOXB2,0.0009064494922057358
50,ZNF324,0.000906435925402475
925,ZNF70,0.0009060283900505
969,USF2,0.0009059921943536285
204,ZNF736,0.0009057530781950659
196,HOMEZ,0.0009057297952295775
42,ZNF25,0.0009055300283470095
489,HOXB6,0.0009055056081510589
768,ZNF623,0.0009054540773725242
933,ZNF335,0.0009042849248298078
166,EN2,0.0009041684895124804
892,ZFP37,0.0009039950608746588
634,ZNF134,0.0009035645045320668
889,ZNF699,0.0009034114868376689
1027,HOXC13,0.000903388485587381
295,ZIK1,0.0009020929605669013
1150,ZNF785,0.0009017728768255971
358,ZNF35,0.0009007662632098976
1176,ZNF354B,0.0009006725183393179
20,HOXA1,0.0009006214979988687
571,VEZF1,0.0009005592984928464
301,ZNF691,0.0009004792161063897
713,ISL2,0.0009004391014480176
459,ZNF287,0.0009002535721439814
331,ZBTB48,0.0008999233223591295
219,PHTF1,0.0008997821423047744
937,NFIL3,0.0008996734702284553
309,RFX2,0.0008996014851339083
510,ZNF891,0.0008993500279933851
1178,HES7,0.0008990667503084641
461,HMGB3,0.0008988201706190207
602,ZNF674,0.0008987423965548704
741,ZNF420,0.0008987156901634697
881,SOX6,0.0008985438820653354
424,RUNX1,0.0008982650183609759
1140,ZNF470,0.0008980500392833859
1145,ZNF569,0.0008978653608862428
940,RAG1,0.000897599808710295
359,FOSB,0.0008971409715320341
490,CREB3L1,0.0008967699604384032
1107,TBX6,0.0008962634919554971
1149,ZNF513,0.0008959008392647061
39,VAX2,0.0008957755940164592
1041,ZNF587,0.0008955407750538575
511,ZNF557,0.0008953058442174754
548,ZNF816,0.0008951816050069553
148,ZKSCAN3,0.0008939603005855935
277,PBX1,0.0008931475769775547
800,ID1,0.0008929723384615841
813,KLF11,0.0008928069211728377
388,PKNOX2,0.0008927319053692216
402,GMEB1,0.0008925890311181371
785,MYT1,0.0008924639571713847
582,ZBTB24,0.0008921248659041534
228,E2F3,0.0008916924317313791
853,ELF2,0.0008911082397650667
116,ZNF582,0.0008909925890376591
579,ZNF75A,0.0008904207796144653
364,NFAT5,0.0008901117670345088
645,ZNF765,0.0008898437252171228
522,ZNF440,0.0008894936682743834
24,ZNF808,0.0008894680222523078
357,ZNF41,0.0008894145270545062
920,ZNF519,0.0008892199074309278
580,ZNF45,0.0008885188000015064
145,NFE2L1,0.0008880327252131524
441,DBP,0.0008879152993079976
681,ZNF333,0.0008878820593384327
536,NRL,0.0008876960835863126
392,JUN,0.0008875287883837935
96,ZNF195,0.0008871401595981768
564,ZNF793,0.0008870542395594532
10,ZNF445,0.0008868138430443215
335,GLI3,0.0008867313054961692
731,E2F4,0.0008861317242086831
832,ZNF667,0.0008860945042425826
868,ZNF274,0.0008859536712175968
873,RORA,0.0008853577436113561
1063,GMEB2,0.0008849798454031853
583,ZNF707,0.0008846759517823303
999,ZNF506,0.0008846731375833886
341,NFRKB,0.0008844177130536484
206,AKNA,0.0008843843154315083
931,ZNF676,0.0008841642728610555
987,ZKSCAN1,0.0008835450195413867
690,ZXDA,0.0008826363994872018
887,ZNF596,0.0008826240067092723
1091,TGIF1,0.0008823474743081044
197,E2F1,0.0008817914080613285
943,SATB2,0.0008804951833106229
886,HOXA10,0.0008798841478386078
1029,ZNF19,0.0008791934197512041
398,GRHL1,0.0008791750753075234
529,SP100,0.0008786855979413321
445,AEBP2,0.0008784819739424728
45,OLIG1,0.000878375772234064
911,AHR,0.0008782465239702575
901,IRX3,0.0008782102921116203
779,ZNF879,0.0008780551530419737
628,TAL2,0.0008780029556520384
382,NKRF,0.0008779227151911256
994,THAP7,0.000877810853006959
1046,DMRT1,0.000877798116778486
241,ZNF480,0.0008777355436063794
141,ZNF33B,0.0008770748857078113
173,ZNF595,0.0008767904751877047
37,SIX2,0.0008766843978019004
862,SMAD9,0.0008766523337250972
217,TADA2A,0.0008763629874790406
539,RBPJ,0.000876059275782597
982,ZBTB8A,0.0008760011357636053
230,ZNF253,0.0008759799523957704
305,ZNF512B,0.0008754921269472518
967,ZSCAN18,0.0008753648647544794
427,KLF6,0.0008751224535055421
672,ATF6B,0.0008751096071765101
1132,TSHZ2,0.0008745215261503244
739,ZNF273,0.0008745118437712283
547,PRDM4,0.0008742203408246091
941,ZNF304,0.0008740134057014407
259,SMARCE1,0.0008738880434329055
348,TBX2,0.0008737562103704123
492,MBD2,0.0008736982056842537
255,BBX,0.0008734585811576817
15,HOXC9,0.0008732199821836149
573,ISX,0.0008731943118525586
158,YBX3,0.0008731048784420685
635,ZSCAN25,0.0008730609591858409
1093,ZNF280B,0.0008727971214289581
556,ZNF865,0.0008724618638057682
1094,ZBTB1,0.000872183222334359
820,YBX1,0.0008717823870166098
793,NCOR1,0.0008715209350091576
1100,TULP3,0.0008714959099000145
98,ZNF585A,0.0008713107869336333
570,HLX,0.0008712122321362187
205,ATF1,0.000871203138501568
866,ZNF197,0.0008711263935214262
810,ZNF670,0.0008709887530049049
1038,ARNT,0.0008708326007652102
276,CEBPZ,0.0008703323723080422
544,SFPQ,0.0008702983804363094
1039,ZSCAN21,0.0008701976889430493
433,ZFP62,0.000869979650026858
303,ZNF235,0.0008693131963910432
1118,FOXN1,0.0008690500329443414
856,ZNF579,0.0008690206043651604
1081,XBP1,0.0008690037793871315
475,ZNF230,0.0008689981998384212
337,ZNF555,0.0008688714624714549
1177,STAT5A,0.0008685249993602637
828,FOXD2,0.0008679174236642785
972,ZNF728,0.0008677036347377755
594,ZNF626,0.0008673828770298177
1099,FOS,0.0008672289134370791
1163,ARNTL,0.0008671637184418025
839,LHX4,0.0008667962925590924
151,HOXA5,0.000866743476601637
930,SOX9,0.0008665811710810413
413,ZBTB37,0.0008664582188701579
1152,ETV5,0.0008660876843641955
790,ZNF316,0.0008654912326786301
934,NR6A1,0.0008650399789261288
950,MECP2,0.0008641223354833433
979,EBF4,0.0008640342859165902
884,HMGA1,0.000863419086370606
274,ADNP,0.0008626601470508275
187,ZBTB43,0.0008623916761899784
188,ZNF671,0.00086215914967911
46,ZNF516,0.0008617414378049621
477,HMGB2,0.0008611347967884627
1141,PBRM1,0.0008611319710959295
978,HOPX,0.0008610728998949071
890,MBD1,0.0008610617732787826
518,ZNF347,0.0008609419802800781
629,ZNF184,0.0008607988117037432
588,ZNF517,0.0008607507855962679
1092,DMRT2,0.0008603365666706267
587,E4F1,0.0008603337556226797
719,ZNF34,0.0008601141122696053
877,PAXBP1,0.0008592392041012458
256,ZNF175,0.0008585284659651241
643,ZNF382,0.0008584652644704918
1143,ZNF573,0.0008583061185665538
192,MXD1,0.0008575889513782297
829,ELF4,0.0008575744122760769
990,ZNF581,0.0008575571379693376
95,ZNF768,0.0008575289593479242
962,CREB3,0.0008574301386542184
924,ZNF713,0.0008574113115553808
684,ZNF599,0.0008564454884132114
292,MAF1,0.0008564300481790351
17,GZF1,0.0008560115729105817
1055,BHLHE40,0.0008558874001579565
469,ZNF622,0.0008555687927091623
903,YY1,0.0008555597205412948
186,THYN1,0.0008554069355445834
317,STAT6,0.0008553471781376389
200,HMX3,0.0008553321935149578
880,MEF2A,0.00085458795809147
177,SMARCC2,0.0008539767459601295
349,ZBTB44,0.0008535612279060379
955,ZNF350,0.0008532927018418656
1089,JUND,0.000852808663193858
159,JAZF1,0.0008528086363080185
1109,ZNF57,0.0008527688210193312
675,ELF3,0.0008525910161036443
182,ZNF100,0.0008525848446844569
725,PLAGL2,0.0008522788136927273
814,POU5F1B,0.0008522227350674449
939,ZFP30,0.0008516212807744167
201,ZGLP1,0.0008512815839259545
407,ZNF394,0.0008512600194554809
1084,NR4A1,0.0008504926330231894
661,ZFY,0.0008503974530368354
806,ATF4,0.0008502801632884477
1161,HMBOX1,0.0008499601374810079
356,CIC,0.000849821381310932
854,ZNF616,0.0008497645236359728
428,REPIN1,0.0008497514980955149
457,ZNF627,0.000849683632009565
296,HES4,0.0008492743948594225
307,ZFHX4,0.0008490666973565864
746,IRF5,0.0008484008646877633
401,ZNF256,0.0008480944760370789
476,ZNF714,0.0008479886663469991
61,ZNF169,0.0008479161684516649
646,SMAD7,0.0008472934536241565
9,RFX5,0.0008468559065051992
504,FOXJ3,0.0008461508084151032
929,ONECUT2,0.0008461498707626773
299,PBX4,0.0008453920213799058
333,ZNF562,0.0008445447601893998
766,IRX5,0.0008443891795341425
1051,ZNF141,0.0008440594648997016
764,RCOR3,0.0008432294562595457
1136,L3MBTL3,0.0008431407774804478
804,TERF1,0.0008429908247758127
79,ZSCAN5A,0.000842437078913665
830,ZNF425,0.0008420712228798025
538,NFATC2,0.0008418497666022392
633,STAT3,0.000841674196746048
1050,ZNF571,0.0008413955463948488
152,NPAS2,0.0008409693895536703
437,ZNF17,0.0008404063508591329
1180,YY2,0.0008403699004188774
480,ZNF334,0.0008403116986426121
216,NR3C1,0.0008399231993792937
867,MIER1,0.0008398627032847487
235,ZNF202,0.0008398400680587028
1074,ZNF250,0.0008397400311906795
179,ZBTB7A,0.0008395508753459969
482,POU4F1,0.0008393668743091524
524,PBX2,0.0008392670405083158
1173,ZNF652,0.0008389396942262995
36,SIM2,0.0008388481172337902
13,SMAD4,0.0008387768067853702
938,ZNF613,0.0008386551500565108
553,ARID4B,0.0008386485699886414
1168,HIVEP1,0.000838603140030384
189,NFKB1,0.0008380313012993425
416,FOXM1,0.0008376986471235016
165,THAP2,0.0008374738681304813
569,LMX1B,0.0008363440424139158
1184,ZNF142,0.0008362328639130051
227,ZNF600,0.0008362158468891546
175,ID3,0.0008357531043098048
1008,ELK4,0.0008356990088975041
707,TOX2,0.0008355217332637174
442,ZNF286A,0.0008354464037303681
590,HES2,0.000835271210897945
988,ZBTB41,0.0008350027452363258
723,ZNF326,0.0008348990676085695
869,HIVEP3,0.0008348158663399788
32,FEZF2,0.0008345247642020465
762,KLF15,0.0008344322003344465
100,BHLHA15,0.0008343556058744867
275,ZFP2,0.0008340958962679738
236,GABPA,0.0008340735028077382
1011,GLI4,0.0008339270472807107
253,AFF3,0.0008333310335440619
864,ELK3,0.0008323387310693395
738,TUB,0.0008321409819522684
94,LEF1,0.0008318616256502054
1069,MTA1,0.0008316097395342448
157,GTF2IRD2B,0.0008313319586211237
549,FOXH1,0.0008305747983299342
418,ZNF208,0.0008305678450221914
304,ZXDB,0.0008303067156483244
642,ZNF66,0.0008301120258088817
801,ZNF701,0.0008300830202660133
1137,ZNF784,0.0008300079608648136
540,GTF2IRD1,0.0008299538835063535
603,ZNF416,0.0008298219581277722
526,GTF2I,0.0008296995122642091
336,ZNF549,0.0008291410096320197
104,ZNF512,0.0008291056158373772
465,SP140L,0.0008289985300681393
25,MSX1,0.0008288830372661125
462,NR2F6,0.0008284608579046971
537,WDHD1,0.0008280351298081878
909,AFF1,0.0008278101919582134
777,PARP12,0.000827270646530761
954,ZNF534,0.0008271795000331338
1061,ZNF324B,0.0008270406492947676
833,ZNF584,0.0008257131108200494
330,VDR,0.0008256811804166417
1142,ZNF783,0.0008255571657007827
1064,SETDB2,0.0008254279456313682
1138,MTF1,0.0008252430098749335
144,MAFF,0.000825224010368413
496,E2F5,0.0008250473772266539
875,SP2,0.0008248766649724217
108,ZNF813,0.0008245274427487652
84,ZNF502,0.0008244714092195604
202,TMF1,0.0008244703231385439
976,MITF,0.0008236161556007392
239,ZNF805,0.0008226531010552026
851,MIS18BP1,0.0008223585303756457
2,ZNF277,0.0008216975077387769
992,ZNF700,0.0008215475774519679
1185,ZXDC,0.0008215024541184446
320,ZNF827,0.000821412381315961
263,MYNN,0.0008213497211402416
794,ZNF763,0.0008201373633239291
294,GSC,0.0008200564946436564
891,ZNF554,0.0008198988458259945
52,ZNF565,0.0008198441458512802
701,ZBTB20,0.0008194798066223127
203,TET2,0.0008193234464828875
915,OSR2,0.0008192714544158629
1119,FOXA1,0.0008187448335743075
1068,STAT1,0.0008183205605561531
541,ZNF441,0.0008179802997675017
616,SREBF1,0.0008178119244101777
452,THAP1,0.0008176685840323278
1075,ZNF781,0.0008176393545326326
689,AFF4,0.0008173662591216554
134,BAZ2B,0.0008172104946499178
488,RFXANK,0.0008170503910635056
1148,ZNF575,0.0008169678295681993
254,ZNF587B,0.0008167985074728925
720,TBX15,0.0008166057024122875
612,ZNF583,0.0008165909570148157
639,MXD3,0.0008165479513315607
704,ZNF132,0.0008165409465019844
92,ETV6,0.000816492479807463
543,ZNF814,0.000815526100582325
369,HMGXB4,0.0008153167071059159
487,NR1D1,0.0008147173095048719
973,ZNF395,0.0008143646492442813
692,OLIG2,0.0008141992230868164
1113,ELF1,0.000814084549874529
1037,ZNF319,0.0008138950446313354
77,MSX2,0.0008136999474726117
479,ATOH8,0.000813172050020195
817,GLIS3,0.0008128469826760509
419,CREBZF,0.0008127542882151678
700,CSRNP1,0.0008126327232899267
1034,ZNF528,0.0008125644369627847
683,ZBTB46,0.0008118576570184407
454,SP3,0.0008117478142283004
212,ZNF248,0.0008117263823186352
16,PRDM10,0.0008116066217413354
968,ZNF20,0.0008112792505977171
125,ZNF112,0.0008112226372685949
387,ZNF675,0.0008111677033997455
352,ZNF860,0.0008104427665446151
121,DLX2,0.0008101272677406248
1043,BCL6,0.0008098463157053566
1112,ZFHX3,0.000809466905841242
546,ZNF320,0.0008085965845208597
792,EGR1,0.0008085207738047821
560,RARB,0.0008084561921932943
408,XPA,0.0008079563127272644
58,ZNF417,0.0008079216373667254
167,BARX2,0.0008071033341469511
380,SMARCC1,0.0008065492890497458
374,GTF2IRD2,0.0008062290683537639
882,ZBTB34,0.000805867253429934
111,ZNF133,0.000805809972686788
147,ZNF431,0.0008056986531244105
378,ZBTB42,0.0008056422919010162
226,HES1,0.0008056117605192198
902,ZNF322,0.000805266983061582
326,CSRNP2,0.0008051366735696196
1158,MAFG,0.0008046839464094515
859,ATF5,0.0008046372632985149
799,DLX1,0.0008042793143713477
774,ZNF597,0.0008037274966155973
989,ZNF625,0.0008035341620190863
1151,FOXD3,0.000803014708209994
581,ZBTB7B,0.0008029788935549608
825,IKZF4,0.0008025116412440371
545,TRERF1,0.0008024336434476337
1033,ZNF780A,0.0008023248944847286
726,ZNF48,0.0008017045303520566
845,ZSCAN20,0.0008006471963435012
455,ZNF720,0.0008003093612762855
718,SIX4,0.0008000461627242044
229,ZNF181,0.0008000193853321604
782,TWIST1,0.0007998960135098909
771,ESRRG,0.0007993218262829384
593,NR2F2,0.0007987689797778349
840,TBX1,0.0007987590137818377
506,SALL2,0.000798702662644807
1124,LTF,0.0007986525272300808
390,TCF7,0.0007984982283131659
1010,MNX1,0.0007984452042235995
638,KLF16,0.0007983929624405202
706,PAX1,0.0007983237887138731
509,SMAD5,0.0007976084438417804
107,ATF2,0.0007975556544285796
90,GTF3A,0.000797509761808591
861,JUNB,0.000797484742659583
736,ZHX1,0.0007963979485640737
1013,OVOL2,0.0007960792241010312
772,HOXC12,0.0007958829974806579
321,CAMTA2,0.0007957812470699372
567,ZNF487,0.0007954546530811134
431,CEBPG,0.0007951153794373985
5,NR5A2,0.0007950778949524932
135,ZNF189,0.0007948880712599473
534,ZNF300,0.0007943257686020157
57,PIAS1,0.0007942093643306547
1101,HBP1,0.0007941932424803171
826,ZNF664,0.0007940871225777143
823,ZNF665,0.0007934291174781751
577,ZNF782,0.0007933289813490785
434,THAP6,0.0007931715012364755
350,GATAD2A,0.0007930584968066755
932,PRDM11,0.0007928623747789987
927,RERE,0.0007926758412635738
947,ZNF491,0.000792601833932691
595,TERF2,0.0007925843694664153
1157,ZNF561,0.0007911810446162179
885,ZNF821,0.0007911034441798618
749,THAP11,0.0007907838690071981
654,ARNTL2,0.0007900879624111821
44,ZNF160,0.0007897761771136575
1006,FOXN3,0.0007897701876124109
381,ZNF511,0.0007896717876092066
998,ZNF800,0.0007894557836498115
686,ZNF44,0.000789390295089787
102,ZNF718,0.0007893672766654894
114,ZNF443,0.0007893590802143257
478,ZNF792,0.000789239810864996
770,ZNF337,0.0007890888952798433
88,MIER3,0.0007890722643023302
1179,MAX,0.0007875187540039789
101,ZNF880,0.0007861489067618014
680,REST,0.000784873754146765
174,DDIT3,0.0007845690122319696
1060,ZBTB3,0.0007833041882888877
1040,ZNF143,0.0007828689757685127
797,ZBTB40,0.000782368687387983
975,NR1H3,0.0007822901893003075
627,TFAP2C,0.0007822886188318596
1128,SP110,0.0007820877037918825
755,ZNF117,0.0007820058332927857
605,DMTF1,0.0007814541965429163
1072,ZNF500,0.0007813888105618929
87,ZNF215,0.0007812814379332123
483,SAMD11,0.0007805167837231054
105,ZNF844,0.000779883154288009
252,ZNF697,0.000779742990855976
470,ZNF780B,0.0007770192047036739
576,GON4L,0.000776874873360997
754,MBD4,0.0007767948376534413
914,NKX3-1,0.0007767348890301682
596,ZNF514,0.0007766629298820753
1052,NFIX,0.0007761987849734694
787,ZBTB12,0.0007758083564788588
693,ZNF77,0.0007757892749551302
815,ZBTB18,0.0007754225148804861
841,ZNF706,0.00077483332560321
592,BCL11B,0.0007742679233580072
1058,AHRR,0.000774172605053051
26,CARHSP1,0.0007740050926416314
733,LYAR,0.0007739412246387028
666,TGIF2,0.0007739176649991801
614,ZNF121,0.0007736028969103809
1108,ZNF692,0.0007735340129546046
1106,ZNF33A,0.0007732729248161915
1021,ZNF541,0.0007732662068883925
340,ZNF836,0.000773185959697311
1056,CEBPA,0.000772763062198185
907,ZNF776,0.0007727114770546601
1156,ZIC2,0.0007722503406889347
732,NFX1,0.0007719112280522331
710,HSF1,0.0007719015110135595
668,ZNF236,0.0007718059201065844
190,ZNF530,0.0007711215305487087
993,ZNF83,0.0007705595819117221
559,ZNF275,0.0007701775474643918
67,ZNF449,0.0007700367436540213
1007,KIAA1549,0.0007698926082161946
290,PMS1,0.0007695546883148957
1164,ZFPM1,0.0007691440389376977
232,PRDM15,0.0007690011914354338
1087,ZNF71,0.0007688802973890671
1015,BLZF1,0.0007688457394295676
38,ZNF766,0.0007682739816499218
153,ZBTB25,0.0007677281823448369
443,MYC,0.0007675002389036774
56,ZNF146,0.0007672381657303368
936,ZFP69B,0.000767219723888529
71,ZNF592,0.0007668018493104635
76,SOX12,0.0007662194184142844
843,ZNF404,0.0007659600989658322
655,ZBTB49,0.0007658958786748183
611,ZNF737,0.0007655614299799385
835,SMAD2,0.0007655427082454335
917,FOXO3,0.0007654414143452525
653,HOXC6,0.0007653750014047465
550,CREBL2,0.0007653472340264004
871,NR3C2,0.0007648701431574716
575,ZBTB5,0.0007647621039789506
855,GRHL2,0.0007647067213174065
610,ZNF672,0.0007646353892915321
60,CLOCK,0.0007642762902611129
1159,ZNF610,0.0007640045027919265
329,IKZF5,0.0007638933012830603
3,TFAM,0.0007624110120192011
1048,TBX3,0.000762205730087297
658,MLX,0.0007621964342939432
468,ZNF607,0.0007613835193071322
113,HSF2,0.0007612785815380515
176,ZNF845,0.0007612099444375051
1167,GATA6,0.0007607337942014742
75,GATAD2B,0.0007604562211875707
163,PLAG1,0.0007603700532527865
400,ZNF726,0.000760198957731507
1123,ZNF556,0.0007600254372432487
27,ZNF586,0.0007594891410197597
1186,THAP8,0.0007593973233949305
453,ARID3A,0.0007589405848113825
1059,CREB1,0.0007589357536970483
956,TADA2B,0.0007588347688135954
776,ERF,0.0007582072872665725
697,MLLT10,0.0007579428946506034
1126,CAMTA1,0.0007562738111114555
397,ZNF501,0.0007560216458133177
436,ZNF687,0.0007554156163128571
525,ZNF527,0.00075469645686158
1020,ZNF614,0.0007543520838330454
415,OTX1,0.0007537411851391469
591,ZNF507,0.0007531340787455006
1018,SIX1,0.000752890497815803
905,ZBTB17,0.0007528142398145656
59,MESP1,0.0007525868444683253
1187,ID4,0.000752147969350294
66,GBX2,0.0007517908205023504
1127,ZNF696,0.0007517894800699593
783,THRA,0.0007511737265383705
803,PBX3,0.0007504326990764888
604,ZNF418,0.0007501294968823835
899,PAX9,0.0007500538558116837
1042,ZNF12,0.0007498427185104557
1181,CENPA,0.0007492074939041575
180,ZNF611,0.0007486272057128509
516,TSHZ1,0.0007484166158879042
1031,SP9,0.0007480858523712842
640,IRF3,0.0007480553074010986
409,ZNF790,0.0007480076265040436
65,ZBTB22,0.0007478926573408451
149,ZNF689,0.000747810426236436
1079,ZKSCAN4,0.0007476525775818761
136,ZNF711,0.0007472954454814701
662,TP73,0.0007471895182420896
209,TFAP2E,0.0007470502344436427
1028,TOX3,0.0007462443765315335
124,TEAD2,0.0007452049839850796
351,TFAP2A,0.0007451009140798116
261,AHCTF1,0.0007450837081639022
379,CUX1,0.000745055178791203
737,FOXO1,0.0007447947536466549
565,ZNF540,0.0007441702083162586
514,CDC5L,0.0007435002526243213
120,ZHX3,0.0007429262733560391
368,NCOR2,0.000742602474235634
160,PEG3,0.0007424546435623545
208,LHX9,0.0007422941185167495
743,ZNF772,0.0007413038329882121
959,MEIS1,0.0007412372004949752
527,ZBED1,0.0007412248623649226
1160,ATF3,0.0007410141431350791
1012,UBP1,0.0007409776004961427
211,SOHLH2,0.0007404690203775806
946,ETV3,0.0007403290697352583
848,ZNF174,0.0007401277676343282
985,ZNF227,0.0007399335552630604
615,IRF1,0.0007397415292008714
515,ZNF426,0.0007389850004375393
439,ZNF493,0.000738732324639153
530,TAX1BP1,0.000738503153869134
311,ZNF653,0.0007384371645628038
1047,ZEB1,0.0007382480595253709
763,FOXN2,0.0007381162853948651
607,ZNF345,0.00073755997601003
761,TULP4,0.0007374970120935755
691,PPARA,0.0007374457500300385
906,ZNF317,0.0007373969266772492
980,BACH1,0.0007371114631197085
1057,ETV2,0.0007366717589225762
1080,ZFP64,0.0007365969166064812
916,ZNF524,0.0007365925591283927
502,AR,0.000736560479011432
808,TP53,0.0007360030654688826
659,ZNF182,0.0007334733624809564
225,HMG20B,0.000733458532564816
870,POU3F2,0.0007331572140920101
948,THAP3,0.0007329288118243599
827,ZNF229,0.0007326035452149268
644,L3MBTL1,0.0007325193430951372
83,CDIP1,0.000732370174618765
727,ZNF589,0.0007319215796684153
270,FOXN4,0.0007318869623695692
664,NFKB2,0.000731460725864071
481,MEF2C,0.0007310429140290774
676,ZNF485,0.0007309215760386178
344,ZNF567,0.0007306972878866148
132,EPAS1,0.0007296904367849797
1003,TEAD4,0.0007295504829244222
1026,ZNF93,0.0007295186247467304
315,ZNF30,0.0007294816721863673
685,ZNF615,0.0007293508294288684
1170,ZNF563,0.0007290441827989715
532,ZNF296,0.0007280650927605482
1023,PPARG,0.000727939317448628
724,POU2F1,0.0007270475483101695
613,ZNF580,0.0007270266882929991
900,KLF13,0.0007270079924517494
110,ZFHX2,0.0007268280273555795
425,SIX5,0.0007267109769559834
247,ZNF552,0.0007265413382818611
846,IRF6,0.0007259644251838685
1009,ZNF681,0.00072568777479711
1002,GATA4,0.0007256169008883748
997,ZNF383,0.000724957170453673
807,PIAS3,0.0007249457384631405
386,DEAF1,0.0007243508957392405
935,MYRF,0.0007243397983362188
460,ZFP91,0.0007241313177334938
1172,ZNF749,0.0007239676426923266
648,GATA2,0.0007232951169328278
346,PPARD,0.0007232731499293201
495,ZNF883,0.0007217795757664571
922,ZSCAN30,0.0007215608105415926
222,ZNF717,0.0007212508886159148
849,RXRB,0.0007206104467001788
708,MBD3,0.0007201756844831266
878,ZNF646,0.0007195003499461233
367,MYEF2,0.0007194526874049739
215,HIF1A,0.0007184079960547215
1165,ZNF649,0.000718363370221501
912,ZNF747,0.0007182430998204547
498,ZNF433,0.0007179947607353052
1103,FOXO6,0.0007171235581676363
342,NFYA,0.0007167121349321289
171,KLF2,0.0007166010211561388
93,ZNF550,0.000716147490970768
1155,EBF2,0.0007148814169670997
421,CAPN15,0.0007148500592358704
996,CASZ1,0.0007148300933276316
319,CPEB1,0.0007147129197913316
1166,ZBTB33,0.0007146176469579466
626,NR2F1,0.0007143042475531187
48,ZNF331,0.0007142406882629198
574,THAP10,0.0007137054521727502
466,ZNF639,0.0007132574867421122
1077,ZNF79,0.000713119114737552
285,RBCK1,0.0007129564923227456
888,HKR1,0.0007129436197190088
119,HDX,0.0007125538596682708
146,ZNF2,0.0007125519188660028
394,ZNF852,0.0007124014364823794
926,ZFP36L2,0.0007111745715637762
183,KLF4,0.0007109977209403535
781,ZNF773,0.0007108834950015505
172,TFAP4,0.0007106874769359427
984,ZBTB47,0.0007100755645407868
744,NFIC,0.0007095130117430223
312,ZNF26,0.0007080274096297301
874,SOX13,0.0007074736278241546
896,TFEB,0.0007055882041105161
619,ZKSCAN5,0.0007042569340754049
328,ZNF367,0.0007039880495881961
1135,CEBPB,0.0007038413139738332
974,TEAD3,0.0007023680185360487
981,ZNF264,0.0007022606795555718
1016,ZNF668,0.0007010181972566774
961,MYB,0.0007008717166499097
798,ZNF778,0.0007001815307181432
1088,RCOR1,0.000698909934467004
836,ZNF32,0.0006989022771869982
623,ZNF628,0.000698610343975861
601,RLF,0.0006981676445531294
1162,ZNF226,0.0006978658711153764
699,TSC22D1,0.000697117776505603
844,SP6,0.0006962715800287831
750,ZNF461,0.0006961284695002466
637,ZNF217,0.0006958626835633781
412,NFYB,0.0006951719110033499
1076,PRDM2,0.0006951543726858829
1133,TFDP1,0.0006948140603668453
857,ZNF18,0.0006948115049579041
865,ZNF385B,0.0006942321388097238
1025,ZNF624,0.000693825119912365
154,ZNF618,0.0006937650249650612
673,TRPS1,0.0006927997351525026
447,LCOR,0.0006925873137439611
802,ZNF606,0.0006915809624698942
117,ADNP2,0.0006913295598846234
279,FIZ1,0.0006911995646025664
1036,ZNF213,0.0006911749982473671
722,MECOM,0.000690859736713105
1130,RUNX2,0.0006907067151248631
687,ZNF76,0.0006900049039099701
1045,MAF,0.0006889348415135192
508,SOX7,0.000688778873379312
142,ARID5A,0.000688328342314266
1183,FOXP1,0.0006879694683256889
1174,WIZ,0.0006879261556444745
1175,SSRP1,0.0006876482929765474
1102,NFE2L2,0.0006875306706703636
769,ZSCAN29,0.000685604487952745
759,KLF10,0.0006824652424613247
43,PKNOX1,0.0006821488973147681
332,ELK1,0.0006819743197922837
971,ZFP90,0.0006804501199905054
472,KLF5,0.0006803710532588274
977,RORC,0.0006803172788141412
283,SOX11,0.0006798067992150288
760,GPBP1L1,0.000679766689880053
1065,RFX6,0.0006788204834464962
824,CTCF,0.0006781989748559296
497,NFIA,0.0006781416350305134
735,HESX1,0.0006776086715310551
944,MYSM1,0.0006770858753612261
714,ATF7,0.0006770329336918764
656,ZBTB26,0.0006767345078779999
338,IKZF2,0.0006765349877424036
280,ZNF532,0.0006762578730610009
767,ZNF721,0.0006758214446597865
520,NR1H2,0.0006755128588973328
246,ZNF454,0.0006747808069468601
499,BHLHE41,0.0006729233168632209
958,NKX2-8,0.0006725181991736016
1085,ZSCAN12,0.000670009930883811
361,ZNF846,0.0006689507131272177
347,IRX4,0.0006670423237500756
360,ZNF91,0.0006667376717481159
185,ETS2,0.0006655789329444561
698,ZNF629,0.0006651552034801858
406,ZNF292,0.0006648991010947904
238,MEF2D,0.0006647994885827829
858,FOXK2,0.0006644920631359754
995,ZSCAN31,0.0006640871803071845
709,ZNF677,0.0006639147337343001
669,POU2F3,0.0006619462049170517
1104,C11orf95,0.0006601805767210179
181,ZNF775,0.0006597242167974556
224,ZNF101,0.0006583060205073523
632,MGA,0.0006581095256559547
1090,BAZ2A,0.0006580579737368213
552,PURA,0.0006577555035943111
262,ZFP41,0.000657340160140011
983,KLF3,0.0006565578659218125
621,NKX1-2,0.0006561562256623068
671,ZNF281,0.0006558162125097046
928,ZNF620,0.0006549123233885388
389,ZNF138,0.0006542558916162004
1032,NR1D2,0.0006528684956011809
1131,ZNF385A,0.0006524823686010352
1116,ZNF14,0.0006516959625904271
507,THRB,0.000649676406642004
657,PITX1,0.0006475070409076768
1146,ZNF503,0.000646896539809061
1019,FOSL2,0.0006460149080829825
1120,YBX2,0.0006450643487997435
164,ZNF24,0.000644220843964772
1053,ZNF746,0.0006439921744265762
474,ZNF75D,0.0006403014509358277
467,MAFA,0.0006390156368995786
354,ZNF429,0.0006387671329884645
169,EBF3,0.0006386890078550931
122,ZBTB4,0.000638571223964703
949,ZNF276,0.0006382890402410121
1049,ZNF695,0.000638173459234719
272,ZBTB10,0.0006378566452307951
1188,RARG,0.000635329142797651
966,ALX4,0.0006349715504548405
404,TSC22D3,0.0006344523206294066
365,MTA2,0.0006335398038512512
717,ZNF223,0.0006322414778043827
140,ZNF529,0.000632166095983069
712,ZNF354C,0.0006317122974139409
266,ZNF257,0.0006316165780962447
1169,ZNF124,0.0006299318371273264
631,PDX1,0.0006282549065937072
1115,HNF4G,0.0006241250608469621
384,RXRA,0.0006221975990511146
130,MAFB,0.0006206147980244143
1182,ZNF777,0.0006176725048534827
558,ZNF207,0.0006149302461443265
70,NFATC3,0.0006135665569274212
1147,TFDP2,0.0006114623747647965
289,CIZ1,0.0006112424809298954
278,TFCP2,0.0006081293024959266
921,ZNF774,0.0006061210271028469
213,BATF3,0.000605907014382981
1110,MYBL1,0.0006053044886934
1139,ZNF432,0.0006010393200202931
568,ZBTB2,0.0005990298536938696
551,ZNF578,0.0005986125185248666
156,TFE3,0.0005963475778029406
1154,ZNF286B,0.0005950426664549417
757,ZNF282,0.0005922633181428596
273,ZNF211,0.0005922095327371927
1071,SUB1,0.0005883480275027031
74,MXD4,0.0005854670638851009
665,ZNF497,0.0005836019832153754
323,TSC22D2,0.0005780153554822334
485,ZNF224,0.0005773125834520471
625,ZNF526,0.0005734516849490795
1017,ZFP36L1,0.0005687223673712223
523,HOXA7,0.0005670238550716935
293,ZBTB38,0.0005666274942460475
287,LRRFIP2,0.0005666211556617351
432,GABPB2,0.0005637080674732221
72,ZNFX1,0.0005618878718758948
233,ASCL5,0.0005601852599032329
220,ZNF263,0.0005550599496029719
237,ZBED4,0.0005525579115191965
796,SMAD1,0.0005466318283371446
430,ZNF682,0.0005450190686178701
1095,PGR,0.0005383877767550284
1114,IRF7,0.0005373579926575146
822,PAX2,0.0005246248869057159
879,ZNF585B,0.0005239101525213193
1105,ZNF823,0.0005202806169341392
420,SETBP1,0.0005197814983493905
250,IRF9,0.0005163417969647962
362,UBTF,0.0004964078401238566
